maxAge,endDate,netIncome,depreciation,changeToNetincome,changeToLiabilities,totalCashFromOperatingActivities,capitalExpenditures,investments,otherCashflowsFromInvestingActivities,totalCashflowsFromInvestingActivities,netBorrowings,otherCashflowsFromFinancingActivities,totalCashFromFinancingActivities,changeInCash,dividendsPaid,type,kode,effectOfExchangeRate,repurchaseOfStock,issuanceOfStock,changeToOperatingActivities
1,2021-12-31,55185184473,205501041092,1255498608137,0,1516184833702,-54915566104.0,-205094948198.0,31862030263.0,-529348663613.0,725912783547.0,-924119268939.0,-198206485392.0,788629684697,,A,ADHI.JK,,,,
1,2020-12-31,23976887476,209562370881,1202575071209,0,1436114329566,-255436540871.0,-147850567431.0,45216574146.0,-573256998962.0,-821708562655.0,-866129093409.0,-1754218130185.0,-891360799581,-66380474121.0,A,ADHI.JK,,,,
1,2019-12-31,663806247566,176539048036,-301183459114,0,539161836488,-313881611303.0,-135025572435.0,63671887555.0,-1557856475751.0,1968976835686.0,-829477178005.0,1010667876639.0,-8026762624,-128831781042.0,A,ADHI.JK,,,,
1,2018-12-31,644158905208,176819728638,32614950064,0,853593583910,-147616264833.0,-148075251943.0,61295219330.0,-1187041268468.0,99197043915.0,-530803450520.0,-534689469648.0,-868137154207,-103083063043.0,A,ADHI.JK,,,,
1,2022-06-30,1551181456,40559881563,604123158986,0,646234222005,-21517824240.0,25893187269.0,8900267963.0,-259156145628.0,1055410591557.0,-261171904790.0,794238686767.0,1181316763144,,Q,ADHI.JK,,,,
1,2022-03-31,8678979566,41038829344,-2009805242040,0,-1960087433130,-24694639099.0,68095465325.0,3314048352.0,21401104068.0,-1458502061.0,122597629192.0,121139127131.0,-1817547201931,,Q,ADHI.JK,,,,
1,2021-12-31,38165437459,63159742380,2947855414288,0,3049180594127,27430866632.0,-372798050149.0,21761547974.0,-410045348870.0,-879209072895.0,-232880243869.0,-1112089316764.0,1527045928492,,Q,ADHI.JK,,,,
1,2021-09-30,8738857759,48175208455,689432103772,0,746346169986,-33556385334.0,93808346320.0,2824473722.0,36856579999.0,419038283364.0,-247939420013.0,171098863351.0,954301613337,,Q,ADHI.JK,,,,
1,2021-12-31,933492000,485947000,16893000,0,1436332000,-179966000.0,-296901000.0,-149586000.0,-644612000.0,77196000.0,13268000.0,-153422000.0,637438000,-146816000.0,A,ADRO.JK,-860000.0,-97070000.0,,
1,2020-12-31,146927000,449360000,142466000,0,738753000,-177273000.0,-182379000.0,-14665000.0,-361657000.0,-482279000.0,-45558000.0,-777967000.0,-402488000,-250130000.0,A,ADRO.JK,-1617000.0,-97070000.0,,
1,2019-12-31,404190000,388678000,124415000,0,917283000,-466678000.0,24094000.0,-6362000.0,-538504000.0,490993000.0,-27461000.0,263300000.0,648295000,-200232000.0,A,ADRO.JK,7652000.0,-97070000.0,,
1,2018-12-31,417720000,354096000,134094000,0,905910000,-412086000.0,-414036000.0,-7529000.0,-800685000.0,-79428000.0,-41314000.0,-370872000.0,-278952000,-250130000.0,A,ADRO.JK,-13305000.0,-97070000.0,,
1,2022-06-30,812588000,151161000,179956000,0,1143705000,-87070000.0,15499000.0,141994000.0,-83089000.0,-4038000.0,-32690000.0,-361776000.0,688047000,-300000000.0,Q,ADRO.JK,-10793000.0,-25048000.0,,
1,2022-03-31,400070000,129483000,-315710000,0,213843000,-70605000.0,-145767000.0,-1136000.0,-96251000.0,28115000.0,-31127000.0,-370830000.0,-255464000,-350000000.0,Q,ADRO.JK,-2226000.0,-17818000.0,,
1,2021-12-31,512589000,128626000,-51731000,0,589484000,-52582000.0,-42137000.0,20000.0,-116099000.0,-105547000.0,28439000.0,-174178000.0,300220000,-350000000.0,Q,ADRO.JK,1013000.0,-97070000.0,,
1,2021-09-30,250939000,120010000,75009000,0,445958000,-49348000.0,-76708000.0,-2404000.0,-128771000.0,-11138000.0,-4555000.0,-15693000.0,303269000,-350000000.0,Q,ADRO.JK,1775000.0,-97070000.0,,
1,2021-12-31,1111613585000,404717270000,1428226588000,0,2944557443000,-241758587000.0,,,-208357987000.0,-1268137984000.0,117784352000.0,-1683257211000.0,1051128778000,-532903579000.0,A,AKRA.JK,-1813467000.0,,,
1,2020-12-31,924918465000,380595689000,-238541177000,0,1066972977000,-341016662000.0,24952485000.0,,-139352627000.0,-756718289000.0,30737862000.0,-1239093498000.0,-311417251000,-395041207000.0,A,AKRA.JK,55897000.0,-118071864000.0,,
1,2019-12-31,717205137000,326886054000,-383794852000,0,660296339000,-807476770000.0,266586000.0,14426397000.0,-779297473000.0,387416348000.0,206396594000.0,-128832144000.0,-310302656000,-722645086000.0,A,AKRA.JK,-62469378000.0,-118071864000.0,,
1,2018-12-31,1644834070000,291533021000,-2385231121000,0,-448864030000,-1222119294000.0,132295650000.0,1449752150000.0,385813753000.0,1019463442000.0,169562615000.0,350753571000.0,399854524000,-883232882000.0,A,AKRA.JK,112151230000.0,-118071864000.0,44960396000.0,
1,2022-06-30,477730910000,105213446000,40685801000,0,623630157000,-54402303000.0,,,-52032964500.0,12529987500.0,31021540500.0,-124214413500.0,483716265000,-167765941500.0,Q,AKRA.JK,36333486000.0,,,
1,2022-03-31,477730910000,105213446000,40685801000,0,623630157000,-54402303000.0,,,-52032964500.0,12529987500.0,31021540500.0,-124214413500.0,483716265000,-167765941500.0,Q,AKRA.JK,36333486000.0,,,
1,2021-12-31,314627668000,109762471000,1259094922000,0,1683485061000,-80839872000.0,,,-58661416000.0,-621538377000.0,29729369000.0,-591809008000.0,1021065217000,-167765941500.0,Q,AKRA.JK,-11949420000.0,,,
1,2021-09-30,246595405000,99503296000,-645506716000,0,-299408015000,-65073810000.0,,,-60379421000.0,34606331000.0,47678163000.0,-154561541000.0,-518988156000,-236846035000.0,Q,AKRA.JK,-4639179000.0,,,
1,2021-12-31,1861743000000,1051796000000,2129126000000,0,5042665000000,-500848000000.0,-1222869000000.0,,-1729827000000.0,-1819322000000.0,,-2221595000000.0,1104772000000,-402273000000.0,A,ANTM.JK,13529000000.0,,,
1,2020-12-31,1149353000000,1107755000000,-38434000000,0,2218674000000,-564687000000.0,-190000000000.0,123292000000.0,-567381000000.0,-1150608000000.0,,-1218456000000.0,348145000000,-67848000000.0,A,ANTM.JK,-84692000000.0,,,
1,2019-12-31,193851147000,1119192032000,320794043000,0,1633837222000,-1235387081000.0,-50000000000.0,331724138000.0,-885313400000.0,-1057110950000.0,,-1363159711000.0,-662825005000,-306048761000.0,A,ANTM.JK,-48189116000.0,,,
1,2018-12-31,1636001028000,848293492000,-609716089000,0,1874578431000,-2144117503000.0,246407000000.0,-950591375000.0,-2593809364000.0,-940832524000.0,368850000000.0,-619759898000.0,-1251608935000,-47777374000.0,A,ANTM.JK,87381896000.0,,,
1,2022-06-30,60514000000,285187000000,34166000000,0,379867000000,-53405000000.0,-633325000000.0,,-684405000000.0,279132000000.0,,-651739000000.0,-926146000000,-930871000000.0,Q,ANTM.JK,30131000000.0,,,
1,2022-03-31,1465382000000,208860000000,-1192786000000,0,481456000000,-155877000000.0,618700000000.0,,458040000000.0,-1883097000000.0,,-1883097000000.0,-929345000000,-930871000000.0,Q,ANTM.JK,14256000000.0,,,
1,2021-12-31,151282951000,388418569000,51701201000,0,591402721000,-187456838000.0,-963918000000.0,,-1147913856000.0,-713717132000.0,481000.0,-713716651000.0,-1278632872000,-930871000000.0,Q,ANTM.JK,-8405086000.0,,,
1,2021-09-30,550039094000,228977214000,1268763668000,0,2047779976000,-82616849000.0,-210000000000.0,,-293281147000.0,-461605498000.0,481000.0,-461605498000.0,1245878589000,-930871000000.0,Q,ANTM.JK,-47014742000.0,,,
1,2021-12-31,20196000000000,14263000000000,3793000000000,0,38252000000000,-5363000000000.0,-2828000000000.0,4240000000000.0,-3905000000000.0,-8560000000000.0,-4300000000000.0,-18200000000000.0,16394000000000,-5340000000000.0,A,ASII.JK,247000000000.0,,,
1,2020-12-31,16164000000000,15161000000000,6358000000000,0,37683000000000,-5011000000000.0,15872000000000.0,2917000000000.0,13133000000000.0,-15892000000000.0,-4618000000000.0,-27955000000000.0,23229000000000,-7445000000000.0,A,ASII.JK,368000000000.0,,,
1,2019-12-31,21707000000000,13452000000000,-15973000000000,0,19186000000000,-12482000000000.0,-5976000000000.0,4468000000000.0,-14197000000000.0,8597000000000.0,-5469000000000.0,-5414000000000.0,-617000000000,-8542000000000.0,A,ASII.JK,-192000000000.0,,,
1,2018-12-31,21673000000000,9422000000000,-3403000000000,0,27692000000000,-14016000000000.0,-4813000000000.0,6709000000000.0,-29731000000000.0,8900000000000.0,-6086000000000.0,-4873000000000.0,-6633000000000,-7687000000000.0,A,ASII.JK,279000000000.0,,,
1,2022-06-30,11315000000000,1894000000000,-1492000000000,0,11717000000000,-2355000000000.0,-1567000000000.0,3838000000000.0,62000000000.0,-1035000000000.0,-2416000000000.0,-11300000000000.0,979000000000,-7849000000000.0,Q,ASII.JK,500000000000.0,,,
1,2022-03-31,6859000000000,1894000000000,9524000000000,0,9524000000000,-1940000000000.0,-1277000000000.0,-130000000000.0,-3329000000000.0,-2509000000000.0,-488000000000.0,-2997000000000.0,3308000000000,-7849000000000.0,Q,ASII.JK,110000000000.0,,,
1,2021-12-31,5219000000000,3771000000000,-301000000000,0,8689000000000,-2067000000000.0,-967000000000.0,3422000000000.0,321000000000.0,-2167000000000.0,-1710000000000.0,-5697000000000.0,3409000000000,-1820000000000.0,Q,ASII.JK,96000000000.0,,,
1,2021-09-30,6146000000000,3478000000000,1124000000000,0,10748000000000,-1339000000000.0,-366000000000.0,-1645000000000.0,-3364000000000.0,-4250000000000.0,-595000000000.0,-4845000000000.0,2373000000000,-1820000000000.0,Q,ASII.JK,-166000000000.0,,,
1,2021-12-31,145693623000,136751207000,1331722768000,0,1614167598000,-10890950000.0,,-205271019000.0,-363365649000.0,-294019352000.0,-595737247000.0,-889756599000.0,366357368000,,A,ASRI.JK,5312018000.0,,,
1,2020-12-31,-1027706333000,104947864000,1257075663000,0,334317194000,-12083375000.0,,1184946000.0,-147889223000.0,-519124580000.0,-296704373000.0,-815828953000.0,-583996588000,,A,ASRI.JK,45404394000.0,,,
1,2019-12-31,1011628134000,102870573000,575972452000,0,1690471159000,-31550693000.0,,-75932237000.0,-594108835000.0,345352774000.0,-675062373000.0,-329709599000.0,749663296000,,A,ASRI.JK,-16989429000.0,,,
1,2018-12-31,970096143000,86366700000,313221706000,0,1369684549000,-149111236000.0,,31633802000.0,-696771358000.0,-370007385000.0,-568765132000.0,-938772517000.0,-259077234000,,A,ASRI.JK,6782092000.0,,,
1,2022-06-30,79984568000,35967505000,295844242000,0,411796315000,-9909205000.0,,-6036311000.0,-93862154000.0,-388341876000.0,57402512000.0,-330939364000.0,-5489702000,,Q,ASRI.JK,7515501000.0,,,
1,2022-03-31,136855702000,35933597000,282165518000,0,454954817000,-4084680000.0,,-60050588000.0,-126410262000.0,-38779193000.0,-23260651000.0,-62039844000.0,268257212000,,Q,ASRI.JK,1752501000.0,,,
1,2021-12-31,284644081000,58848596000,249684252000,0,593176929000,-2451838000.0,,-87931338000.0,-158403779000.0,-38763193000.0,-241193515000.0,-279956708000.0,153700545000,,Q,ASRI.JK,-1115897000.0,,,
1,2021-09-30,105963691000,26090392000,321620665000,0,453674748000,-4204730000.0,,-81332358000.0,-118617393000.0,-162010391000.0,-33993715000.0,-196004106000.0,136885571000,,Q,ASRI.JK,-2167678000.0,,,
1,2021-12-31,31422660000000,2138107000000,12138894000000,0,-7587786000000,-3061820000000.0,-37967449000000.0,-233598000000.0,-41247858000000.0,-365389000000.0,133774104000000.0,119675875000000.0,70997448000000,-13732840000000.0,A,BBCA.JK,157217000000.0,,,-54483984000000.0
1,2020-12-31,27131109000000,2240482000000,6603557000000,0,-87642050000000,-2282555000000.0,-41159283000000.0,-382035000000.0,-44117844000000.0,-1919047000000.0,138620925000000.0,123067657000000.0,-6796308000000,-13634221000000.0,A,BBCA.JK,1895929000000.0,,,-126544281000000.0
1,2019-12-31,28565053000000,1693877000000,2667969000000,0,-19188006000000,-2675281000000.0,-31171536000000.0,1445000000.0,-34732414000000.0,1417633000000.0,71130046000000.0,63795150000000.0,9755985000000,-8752529000000.0,A,BBCA.JK,-118745000000.0,,,-53679563000000.0
1,2018-12-31,25855154000000,1667298000000,-1029722000000,0,-41903576000000,-2347223000000.0,22952844000000.0,11640000000.0,20627654000000.0,-887347000000.0,46816138000000.0,39518489000000.0,19934121000000,-6410302000000.0,A,BBCA.JK,1691554000000.0,,,-70260290000000.0
1,2022-06-30,9985038000000,556471000000,1019784000000,0,83003448000000,-605981000000.0,-8349477000000.0,-48526000000.0,-9001472000000.0,-232175000000.0,10348327000000.0,-4676854000000.0,69588757000000,-14793006000000.0,Q,BBCA.JK,263635000000.0,,,70802393000000.0
1,2022-03-31,8064433000000,512179000000,3323113000000,0,-38097503000000,-505056000000.0,-74321000000.0,-82714000000.0,-661666000000.0,-57588000000.0,18840123000000.0,18782535000000.0,-19763734000000,-14793006000000.0,Q,BBCA.JK,212900000000.0,,,-47989226000000.0
1,2021-12-31,8223998000000,595674000000,-4741782000000,0,-35961733000000,-1214057000000.0,-7106530000000.0,-243032000000.0,-8559721000000.0,270686000000.0,54926906000000.0,52115716000000.0,7666912000000,-3081876000000.0,Q,BBCA.JK,72650000000.0,,,-43694622000000.0
1,2021-09-30,8742797000000,548677000000,10813049000000,0,-3668426000000,-482790000000.0,-14004103000000.0,7182000000.0,-14477149000000.0,368622000000.0,29761797000000.0,30130419000000.0,11963379000000,-3081876000000.0,Q,BBCA.JK,-21465000000.0,,,-20196730000000.0
1,2021-12-31,10898518000000,2006916000000,16712853000000,0,10528180000000,-1850402000000.0,-14132630000000.0,,-15656307000000.0,2666828000000.0,86950845000000.0,88669546000000.0,46432694000000,-820101000000.0,A,BBNI.JK,505258000000.0,-128026000000.0,,-15559237000000.0
1,2020-12-31,3280403000000,2576716000000,19355165000000,0,11666305000000,-1154449000000.0,-10744684000000.0,,-11992116000000.0,-13213601000000.0,62587619000000.0,45448450000000.0,45723001000000,-3846119000000.0,A,BBNI.JK,600362000000.0,-79449000000.0,,-15189921000000.0
1,2019-12-31,15384476000000,1386498000000,11330804000000,0,-45840388000000,-1625306000000.0,15235317000000.0,,13483654000000.0,-14737328000000.0,33229346000000.0,14738238000000.0,-17737434000000,-3753780000000.0,A,BBNI.JK,-118938000000.0,-79449000000.0,,-72615261000000.0
1,2018-12-31,15015118000000,1201294000000,9164850000000,0,-68459351000000,-1865628000000.0,-7871114000000.0,,-9611702000000.0,25374879000000.0,64185256000000.0,84794368000000.0,6944754000000,-4765767000000.0,A,BBNI.JK,221439000000.0,-79449000000.0,,-94611790000000.0
1,2022-06-30,4840929000000,1167831000000,9728329000000,0,72844645000000,-1045691000000.0,-7510558000000.0,,-5013866000000.0,7031032000000.0,-6485652000000.0,-2179249000000.0,65670836000000,-2724629000000.0,Q,BBNI.JK,19306000000.0,,,56152283000000.0
1,2022-03-31,3962000000000,531314000000,4046171000000,0,-27144478000000,-766606000000.0,-6057156000000.0,,-6583169000000.0,-556360000000.0,-34978257000000.0,-35534617000000.0,-69153401000000,-2724629000000.0,Q,BBNI.JK,108863000000.0,,,-37577866000000.0
1,2021-12-31,3152201000000,447914000000,5662514000000,0,-750543000000,227420000000.0,-8640382000000.0,,-8077647000000.0,-9203998000000.0,51635395000000.0,42431397000000.0,33347342000000,-2724629000000.0,Q,BBNI.JK,-255865000000.0,,,-8509014000000.0
1,2021-09-30,2719714000000,554020000000,-286286000000,0,-22344890000000,-22191000000.0,-4457001000000.0,,-4544376000000.0,8164307000000.0,29235148000000.0,37271429000000.0,10262727000000,-2724629000000.0,Q,BBNI.JK,-119436000000.0,-128026000000.0,,-25818258000000.0
1,2021-12-31,33467283000000,2759154000000,35856098000000,0,-8273328000000,-8254116000000.0,-64897492000000.0,4349000000.0,-73095605000000.0,-6289763000000.0,40861702000000.0,63505556000000.0,-17865567000000,-12125589000000.0,A,BBRI.JK,-2190000000.0,,41059206000000.0,-89520394000000.0
1,2020-12-31,21035795000000,5357833000000,34064215000000,0,-67058709000000,-4375066000000.0,-112115034000000.0,5530000000.0,-116449356000000.0,42504954000000.0,96863293000000.0,118744682000000.0,-65116261000000,-20623565000000.0,A,BBRI.JK,-352878000000.0,,41059206000000.0,-115076386000000.0
1,2019-12-31,34372609000000,1733629000000,19298094000000,0,-37323698000000,-3695364000000.0,-1498935000000.0,5857000000.0,-5188301000000.0,-1909539000000.0,81906635000000.0,63821531000000.0,21149281000000,-16175565000000.0,A,BBRI.JK,-160251000000.0,,41059206000000.0,-80090876000000.0
1,2018-12-31,32351133000000,1865317000000,9869363000000,0,-47607963000000,-1822703000000.0,-25188955000000.0,814000000.0,-27010844000000.0,11976893000000.0,104882063000000.0,103810515000000.0,29139632000000,-13048441000000.0,A,BBRI.JK,-52076000000.0,,41059206000000.0,-89127328000000.0
1,2022-06-30,12618981000000,750745000000,8256158000000,-1795934000000,8285352000000,-1076133000000.0,15200391000000.0,44000000.0,13898870000000.0,1588650000000.0,8476559000000.0,-16928708000000.0,5110437000000,-26406603000000.0,Q,BBRI.JK,-145077000000.0,-587314000000.0,,-15546820000000.0
1,2022-03-31,12167224000000,819615000000,3774398000000,0,-14847549000000,-2368346000000.0,28494804000000.0,44000000.0,26169667000000.0,-3162032000000.0,-17793341000000.0,-20955373000000.0,-9442028000000,-26406603000000.0,Q,BBRI.JK,191227000000.0,-587314000000.0,,-30718766000000.0
1,2021-12-31,14211033000000,859943000000,8118735000000,0,4928428000000,-3392159000000.0,-31991271000000.0,139000000.0,-35371108000000.0,4870279000000.0,12424370000000.0,17294649000000.0,-13172721000000,-26406603000000.0,Q,BBRI.JK,-24690000000.0,-587314000000.0,,-24102348000000.0
1,2021-09-30,6783623000000,642302000000,6270185000000,0,-27469581000000,-2301769000000.0,-38084143000000.0,4200000000.0,-40213640000000.0,-5723797000000.0,29479078000000.0,64814487000000.0,-2947056000000,-26406603000000.0,Q,BBRI.JK,-78322000000.0,-587314000000.0,41059206000000.0,-37323913000000.0
1,2021-12-31,2376227000000,556034000000,53920000000,0,-4523437000000,-415473000000.0,4249928000000.0,,3834455000000.0,-6794035000000.0,14075369000000.0,7281334000000.0,6592352000000,,A,BBTN.JK,,,,-13202028000000.0
1,2020-12-31,1602358000000,528767000000,-256365000000,0,-21106163000000,-798086000000.0,-22928790000000.0,,-23726876000000.0,476847000000.0,47764766000000.0,48220686000000.0,3387647000000,-20927000000.0,A,BBTN.JK,,,,-5030997000000.0
1,2019-12-31,209263000000,314233000000,2899222000000,0,-12216224000000,-366561000000.0,-6710545000000.0,,-7077106000000.0,9001954000000.0,-2612137000000.0,5828232000000.0,-13465098000000,-561585000000.0,A,BBTN.JK,,,,-19638834000000.0
1,2018-12-31,2807923000000,293048000000,485690000000,0,-34282643000000,-526743000000.0,2216236000000.0,,1689493000000.0,7203797000000.0,31872213000000.0,38470517000000.0,5877367000000,-605493000000.0,A,BBTN.JK,,,,-36259889000000.0
1,2022-06-30,696502000000,137313000000,182049000000,0,-12863542000000,-175511000000.0,234523000000.0,,59012000000.0,-874308000000.0,16240303000000.0,15365994000000.0,2561464000000,-1000000.0,Q,BBTN.JK,,,,-9180427000000.0
1,2022-03-31,774000000000,129341000000,1305672000000,0,-8683817000000,-90773000000.0,-670343000000.0,,-761116000000.0,-981836000000.0,-3494179000000.0,-4713638000000.0,-14158571000000,-237623000000.0,Q,BBTN.JK,,,,-5439012000000.0
1,2021-12-31,860831000000,152717000000,-189416000000,0,282328000000,-230750000000.0,1177513000000.0,,946763000000.0,1402748000000.0,3975749000000.0,5378497000000.0,6607588000000,-237623000000.0,Q,BBTN.JK,,,,-4361954000000.0
1,2021-09-30,595329000000,138213000000,484119000000,0,-1567435000000,-50820000000.0,1805227000000.0,,1754407000000.0,-5893787000000.0,-9649123000000.0,-15542910000000.0,-15355938000000,-237623000000.0,Q,BBTN.JK,,,,-3528582000000.0
1,2021-12-31,261472609470,14205484669,-471995670241,0,-196317576102,-8055946210.0,,-10400000000.0,1209510053790.0,-845633542792.0,,-845257474642.0,167935003046,,A,BKSL.JK,,,376068150.0,
1,2020-12-31,-608784173814,13359230656,-926968622804,0,-1522393565962,-2359785547.0,-54000000000.0,-10400000000.0,-56237785547.0,-2384193779.0,,1357478788986.0,-221152562523,,A,BKSL.JK,,,1359862982765.0,
1,2019-12-31,49505385523,14664599312,-566602661352,0,-502432676517,-7191881768.0,-71036815464.0,-10400000000.0,-326481383511.0,946044634948.0,,946447631320.0,117533571292,,A,BKSL.JK,,,402996372.0,
1,2018-12-31,335872044497,13918062981,-1165435685577,0,-815645578099,-10122185439.0,499821593.0,-10400000000.0,-269085150533.0,446542467903.0,301401672091.0,747944715799.0,-336786012833,,A,BKSL.JK,,,575805.0,
1,2022-06-30,-245588586,3311621734,47276040078,0,50342073226,-4696648630.0,,,-4893548630.0,-22316853561.0,,-22316853561.0,23131671035,,Q,BKSL.JK,,,,
1,2022-03-31,-21069024344,2570950008,-79215068086,0,-97713142422,-4896365594.0,,,2830131316.0,12308804012.0,,12308804012.0,-82574207094,,Q,BKSL.JK,,,,
1,2021-12-31,-51894809615,3628484043,-1533924021300,0,-1582190346872,-2968561119.0,,-10400000000.0,1214597438881.0,302879651804.0,,303255719954.0,-64337188037,,Q,BKSL.JK,,,376068150.0,
1,2021-09-30,18898828482,3084921439,-222507209829,0,-200523459908,-3762572422.0,,-10400000000.0,-3762572422.0,176250283001.0,,176250283001.0,-28035749329,,Q,BKSL.JK,,,376068150.0,
1,2021-12-31,28028155000000,3557949000000,14849546000000,0,-17788756000000,-2282614000000.0,-127281409000000.0,-957220000000.0,-132477052000000.0,6836093000000.0,147681249000000.0,144245790000000.0,-6290015000000,-10271552000000.0,A,BMRI.JK,-269997000000.0,,,-60603887000000.0
1,2020-12-31,16799515000000,3933692000000,34870236000000,0,-17362742000000,-2806835000000.0,-33700672000000.0,-2268456000000.0,-41558403000000.0,2132130000000.0,127450071000000.0,112865199000000.0,55356053000000,-16566107000000.0,A,BMRI.JK,1411999000000.0,-150895000000.0,,-46197653000000.0
1,2019-12-31,27482133000000,1464796000000,4510709000000,0,-73411991000000,-3685566000000.0,-11435002000000.0,-2268456000000.0,-16251888000000.0,4899485000000.0,96865139000000.0,90507865000000.0,-884936000000,-11256759000000.0,A,BMRI.JK,-1728922000000.0,-150895000000.0,,-100320022000000.0
1,2018-12-31,25015021000000,1311681000000,8819993000000,0,-57737938000000,-2432966000000.0,-17835083000000.0,-2268456000000.0,-21041189000000.0,26913447000000.0,25300916000000.0,42926506000000.0,-34098110000000,-9287857000000.0,A,BMRI.JK,1754511000000.0,-150895000000.0,,-96160637000000.0
1,2022-06-30,10177683000000,671461000000,13791619000000,0,-48005993000000,-58747000000.0,-9473232000000.0,337744000000.0,-11583359000000.0,-2461073000000.0,56555525000000.0,52844497000000.0,-4964235000000,,Q,BMRI.JK,1780620000000.0,-1249955000000.0,,-73936753000000.0
1,2022-03-31,10032000000000,863379000000,-16770903000000,0,14487420000000,-715335000000.0,-28734021000000.0,-337744000000.0,-29823288000000.0,17363899000000.0,-21802704000000.0,-19854848000000.0,-34724735000000,-16816893000000.0,Q,BMRI.JK,465981000000.0,-1249955000000.0,1400850000000.0,13957005000000.0
1,2021-12-31,8799080000000,800071000000,-1149313000000,0,40517586000000,-1496902000000.0,-6468235000000.0,-417116000000.0,-9872130000000.0,4267361000000.0,-33117734000000.0,-29108534000000.0,4490973000000,-16816893000000.0,Q,BMRI.JK,2954051000000.0,-258161000000.0,1400850000000.0,23774980000000.0
1,2021-09-30,6727941000000,1009997000000,9813734000000,0,23151898000000,-388255000000.0,-61690107000000.0,-170798000000.0,-62533473000000.0,-2145528000000.0,44751935000000.0,42620140000000.0,-2240915000000,-16816893000000.0,Q,BMRI.JK,-5479480000000.0,-258161000000.0,13733000000.0,2725336000000.0
1,2021-12-31,1348623038141,433224635522,1523839360382,0,3305687034045,-17189100415.0,721114023816.0,543982427924.0,368787171489.0,-5371125301780.0,-1114522016074.0,-6485647317854.0,-2741198616776,,A,BSDE.JK,69974495544.0,,,
1,2020-12-31,281700888667,396863869923,785784267574,0,1464349026164,-20691185479.0,-1112350803474.0,759316104865.0,-1182431342549.0,3386912262233.0,-1311297793421.0,3307403025612.0,3875997510793,,A,BSDE.JK,286676801566.0,,1231788556800.0,
1,2019-12-31,2791416326399,359256605808,-1133675025257,0,2016997906950,-31214808781.0,-986858809336.0,1363553255508.0,-1969148509295.0,-265978722219.0,-1014465793164.0,-1280444515383.0,-1283325797511,,A,BSDE.JK,-46475839508.0,,1231788556800.0,
1,2018-12-31,1293850222563,391649130214,-68818933827,0,1616680418950,-42038694197.0,-1491897671317.0,276370165374.0,-2651717327363.0,4535131868593.0,-884528563553.0,3362601654947.0,2346294516387,,A,BSDE.JK,18729769853.0,-288001650093.0,1231788556800.0,
1,2022-06-30,115734544124,101017485483,277387471856,0,494139501463,-8864478675.0,363303302358.0,84770089272.0,414642966794.0,-362524130646.0,-411011596221.0,-773535726867.0,194120745801,,Q,BSDE.JK,58874004411.0,,,
1,2022-03-31,347902282692,110380236683,1081541100121,0,1539823619496,-4808616818.0,-3751966835.0,78702850568.0,-245439607368.0,56916202453.0,-192721062583.0,-135804860130.0,1160538986028,,Q,BSDE.JK,1959834030.0,,,
1,2021-12-31,417847414892,100040822605,-352894424398,0,164993813099,-7132269988.0,225315808208.0,87682023065.0,245220888102.0,-55330674497.0,-233116092676.0,-288446767173.0,104705148542,,Q,BSDE.JK,-17062785486.0,,,
1,2021-09-30,250771292854,115974880090,757777002795,0,1124523175739,-2377261887.0,-144697732797.0,169404914718.0,-249954944323.0,-175256120269.0,-263142375730.0,-438398495999.0,434880937283,,Q,BSDE.JK,-1288798134.0,,,
1,2021-12-31,3620961000000,1145915000000,2121905000000,0,2121905000000,-2807300000000.0,,-117953000000.0,-2819121000000.0,1520541000000.0,,-316035000000.0,-1011506000000,-1836576000000.0,A,CPIN.JK,1745000000.0,,,
1,2020-12-31,3842083000000,1026753000000,-23261000000,0,4845575000000,-1812194000000.0,,-84267000000.0,-1805708000000.0,-1001725000000.0,,-2329963000000.0,716440000000,-1328238000000.0,A,CPIN.JK,6536000000.0,,,
1,2019-12-31,3644672000000,869881000000,-1114380000000,0,3400173000000,-2765707000000.0,,-84267000000.0,-2854639000000.0,560654000000.0,,-1374310000000.0,-841758000000,-1934964000000.0,A,CPIN.JK,-12982000000.0,,,
1,2018-12-31,4554391000000,905944000000,-424381000000,0,5035954000000,-1539028000000.0,,-84267000000.0,-1607433000000.0,-1520266000000.0,,-2438554000000.0,1009677000000,-918288000000.0,A,CPIN.JK,19710000000.0,,,
1,2022-06-30,1225724000000,301945000000,-2477511000000,0,-949842000000,-458629000000.0,,23667000000.0,-434458000000.0,2461963000000.0,,690979000000.0,-682583000000,-1770984000000.0,Q,CPIN.JK,10738000000.0,,,
1,2022-03-31,1191265000000,297923000000,-250658000000,0,1238530000000,-565709000000.0,,-58377000000.0,-623671000000.0,-221917000000.0,,-221917000000.0,395223000000,-1770984000000.0,Q,CPIN.JK,2281000000.0,,,
1,2021-12-31,944950000000,-761974000000,3864572000000,0,426587000000,-966778000000.0,20000000.0,119062000000.0,-755669000000.0,263234000000.0,,263234000000.0,-72738000000,-1770984000000.0,Q,CPIN.JK,-6890000000.0,,,
1,2021-09-30,-156980000000,259517000000,-488062000000,0,-385525000000,-825464000000.0,20000000.0,-93808000000.0,-907231000000.0,1382530000000.0,,-454046000000.0,-1750658000000,-1836576000000.0,Q,CPIN.JK,-3856000000.0,,,
1,2021-12-31,108740000000,613255000000,275128000000,0,1004197000000,-331240000000.0,,-16942000000.0,-361321000000.0,-667827000000.0,9871000000.0,-732681000000.0,-87098000000,-74725000000.0,A,ELSA.JK,2707000000.0,,,
1,2020-12-31,249082000000,653538000000,17043000000,0,928178000000,-440803000000.0,,-42547000000.0,-483159000000.0,23234000000.0,-5111000000.0,-70996000000.0,375745000000,-89119000000.0,A,ELSA.JK,1722000000.0,,,
1,2019-12-31,356474000000,424557000000,-213060000000,0,575797000000,-649788000000.0,,-22361000000.0,-671113000000.0,326972000000.0,-18607000000.0,239286000000.0,136665000000,-69079000000.0,A,ELSA.JK,-7305000000.0,,,
1,2018-12-31,276314000000,379293000000,-318003000000,0,344756000000,-539255000000.0,,-37090000000.0,-586671000000.0,78892000000.0,-4447000000.0,37374000000.0,-183106000000,-37071000000.0,A,ELSA.JK,21435000000.0,,,
1,2022-06-30,151399000000,165973000000,20375000000,0,339677000000,-118956000000.0,,-3267000000.0,-121859000000.0,-63119000000.0,-49102000000.0,-112221000000.0,118732000000,,Q,ELSA.JK,13135000000.0,,,
1,2022-03-31,74934000000,133305000000,89540000000,0,299781000000,-110785000000.0,,-3267000000.0,-109717000000.0,-223583000000.0,21530000000.0,-202053000000.0,-10850000000,,Q,ELSA.JK,1139000000.0,,,
1,2021-12-31,71183000000,115541000000,426277000000,0,615250000000,-80827000000.0,,-17983000000.0,-113219000000.0,-129815000000.0,10088000000.0,-119727000000.0,382134000000,,Q,ELSA.JK,-170000000.0,,,
1,2021-09-30,-2596000000,140617000000,-64347000000,0,76811000000,-84191000000.0,,-17983000000.0,-82921000000.0,-165970000000.0,10088000000.0,-240695000000.0,-248292000000,-74725000000.0,Q,ELSA.JK,-1487000000.0,,,
1,2021-12-31,1287807000000,9723124000000,948294000000,0,11963257000000,-7292595000000.0,,52208000000.0,-6930963000000.0,-2756949000000.0,-2238831000000.0,-5333962000000.0,-301202000000,-338182000000.0,A,EXCL.JK,466000000.0,,,
1,2020-12-31,371598000000,9953450000000,3589777000000,0,13949485000000,-7766226000000.0,,55205000000.0,-5497947000000.0,-4842703000000.0,-1900403000000.0,-7090575000000.0,1362144000000,-213024000000.0,A,EXCL.JK,1181000000.0,-134445000000.0,,
1,2019-12-31,712579000000,7330432000000,4281253000000,0,12357027000000,-9096137000000.0,,48287000000.0,-8692413000000.0,-2171109000000.0,-919645000000.0,-3090754000000.0,556330000000,-213024000000.0,A,EXCL.JK,-17530000000.0,-134445000000.0,,
1,2018-12-31,-3296890000000,7616799000000,5005115000000,0,9357786000000,-6273753000000.0,,50995000000.0,-6203352000000.0,-3739977000000.0,-847721000000.0,-4587698000000.0,-1408228000000,-213024000000.0,A,EXCL.JK,25036000000.0,-134445000000.0,,
1,2022-06-30,475818000000,2410538000000,1414706000000,0,4301752000000,-1983538000000.0,-2641518000000.0,3463000000.0,-4883737000000.0,2188599000000.0,-469768000000.0,1174753000000.0,593743000000,-544078000000.0,Q,EXCL.JK,975000000.0,,,
1,2022-03-31,139092000000,2560867000000,965828000000,0,3668978000000,-2470999000000.0,-2641518000000.0,3463000000.0,-2467058000000.0,-1654325000000.0,-797636000000.0,-2451961000000.0,-1249719000000,-544078000000.0,Q,EXCL.JK,322000000.0,,,
1,2021-12-31,271408000000,2505574000000,-1145330000000,0,1631899000000,-1608872000000.0,-2641518000000.0,52208000000.0,-1555980000000.0,-600758000000.0,-480444000000.0,-1081202000000.0,-1005222000000,-544078000000.0,Q,EXCL.JK,61000000.0,,,
1,2021-09-30,300441000000,2463254000000,1362667000000,0,4127104000000,-1613798000000.0,-2641518000000.0,52208000000.0,-1570859000000.0,-748994000000.0,-486563000000.0,-1291600000000.0,1263491000000,-56043000000.0,Q,EXCL.JK,-1154000000.0,,,
1,2021-12-31,5605315000000,2896538000000,-3176686000000,0,5325167000000,-4934572000000.0,-35000000000.0,,-4844167000000.0,3528000000000.0,,-1474629000000.0,-993642000000,-5002629000000.0,A,GGRM.JK,-13000000.0,,,
1,2020-12-31,7647725000000,2725627000000,7104362000000,0,17477714000000,-5351416000000.0,75424000000.0,,-5048267000000.0,-11120000000000.0,1000000.0,-11119999000000.0,1309599000000,-5002629000000.0,A,GGRM.JK,151000000.0,,,
1,2019-12-31,10880701000000,2529574000000,-2235872000000,0,11174403000000,-4986827000000.0,25165000000.0,,-4718278000000.0,396667000000.0,1000000.0,-4605962000000.0,1843423000000,-5002629000000.0,A,GGRM.JK,-6740000000.0,,,
1,2018-12-31,7791822000000,2264730000000,1168148000000,0,11224700000000,-3110989000000.0,-140589000000.0,,-3227776000000.0,-3700000000000.0,-19758000000.0,-8722387000000.0,-717155000000,-5002629000000.0,A,GGRM.JK,8308000000.0,,,
1,2022-06-30,-120756000000,729764000000,191904000000,0,800912000000,-1302070000000.0,,,-1281269000000.0,-448315000000.0,,-448315000000.0,-919880000000,,Q,GGRM.JK,8792000000.0,,,
1,2022-03-31,1076900000000,729810000000,2762532000000,0,4569242000000,-998675000000.0,-5000000000.0,,-970335000000.0,-1758000000000.0,,-1758000000000.0,1841265000000,,Q,GGRM.JK,358000000.0,,,
1,2021-12-31,1470743000000,758499000000,-10024925000000,0,-7795683000000,-1441783000000.0,-75000000000.0,,-1493826000000.0,8993000000000.0,,8993000000000.0,-297592000000,,Q,GGRM.JK,-1083000000.0,,,
1,2021-09-30,1823996000000,734020000000,503411000000,0,3061427000000,-1130123000000.0,15000000000.0,,-1090893000000.0,545000000000.0,,-4457629000000.0,-2492906000000,-5002629000000.0,Q,GGRM.JK,-5811000000.0,,,
1,2021-12-31,7137097000000,1180156000000,1985153000000,0,10302406000000,-412270000000.0,688337000000.0,-20783000000.0,334448000000.0,-129551000000.0,,-8597507000000.0,2039347000000,-8467956000000.0,A,HMSP.JK,,,,
1,2020-12-31,8581378000000,1349396000000,2022265000000,0,11953039000000,-566828000000.0,-308380000000.0,6225000000.0,-863728000000.0,-170791000000.0,,-14105697000000.0,-3016386000000,-13934906000000.0,A,HMSP.JK,,,,
1,2019-12-31,13721513000000,1396105000000,2028349000000,0,17145967000000,-959537000000.0,873103000000.0,6225000000.0,-56710000000.0,-152523000000.0,,-13785001000000.0,3304256000000,-13632478000000.0,A,HMSP.JK,,,,
1,2018-12-31,13538418000000,973886000000,5681179000000,0,20193483000000,-984541000000.0,1100408000000.0,-5443000000.0,333591000000.0,-31442000000.0,,-12512372000000.0,8014702000000,-12480930000000.0,A,HMSP.JK,,,,
1,2022-06-30,1133175000000,281183000000,-1649539000000,0,-235181000000,-161841000000.0,17511000000.0,294000000.0,-142502000000.0,138695000000.0,,-7224239000000.0,-7601922000000,-7362934000000.0,Q,HMSP.JK,,,,
1,2022-03-31,1914966000000,277301000000,-2543264000000,0,-350997000000,-158211000000.0,-9072000000.0,22631000000.0,-143509000000.0,-131856000000.0,,-131856000000.0,-626362000000,-7362934000000.0,Q,HMSP.JK,,,,
1,2021-12-31,1582606000000,304712000000,-4217311000000,0,-2329993000000,-78166000000.0,21220000000.0,-20594000000.0,-56738000000.0,-325240000000.0,,-325240000000.0,-2711971000000,-7362934000000.0,Q,HMSP.JK,,,,
1,2021-09-30,1420510000000,281874000000,4732874000000,0,6435258000000,-94810000000.0,87444000000.0,-1596000000.0,-3649000000.0,-1549258000000.0,,-1549258000000.0,4882351000000,-7362934000000.0,Q,HMSP.JK,,,,
1,2021-12-31,6388477000000,1632353000000,-31791000000,0,7989039000000,-2249751000000.0,-392220000000.0,,-3100274000000.0,9535713000000.0,-1122658000000.0,5905745000000.0,10850060000000,-2507310000000.0,A,ICBP.JK,55550000000.0,,,
1,2020-12-31,6586907000000,1487643000000,1262230000000,0,9336780000000,-1919170000000.0,-129500000000.0,,-34957389000000.0,29880889000000.0,-615494000000.0,26758085000000.0,1187361000000,-2507310000000.0,A,ICBP.JK,49885000000.0,,,
1,2019-12-31,5038789000000,1205040000000,1154332000000,0,7398161000000,-2026189000000.0,-323659000000.0,,-2399814000000.0,-1090186000000.0,1421791000000.0,-1266076000000.0,3636750000000,-1597681000000.0,A,ICBP.JK,-95521000000.0,,,
1,2018-12-31,4575799000000,1009264000000,-931688000000,0,4653375000000,-3511630000000.0,-459939000000.0,,-4712882000000.0,-1555640000000.0,-120839000000.0,-4242099000000.0,-4092884000000,-2565620000000.0,A,ICBP.JK,208722000000.0,,,
1,2022-06-30,-10781000000,432059000000,481725000000,0,903003000000,-418134000000.0,2534304000000.0,,2118149000000.0,-9237566000000.0,-252219000000.0,-9489785000000.0,-5883325000000,,Q,ICBP.JK,585308000000.0,,,
1,2022-03-31,1941004000000,408461000000,-703016000000,0,1646449000000,-285612000000.0,-2545304000000.0,,-2828325000000.0,-389816000000.0,-252219000000.0,-389816000000.0,-1477856000000,,Q,ICBP.JK,93836000000.0,,,
1,2021-12-31,1418933000000,426959000000,593784000000,0,2439676000000,-380519000000.0,-323720000000.0,,-676838000000.0,9818070000000.0,-412252000000.0,9405818000000.0,11155784000000,,Q,ICBP.JK,-12872000000.0,,,
1,2021-09-30,1748239000000,390297000000,-269387000000,0,1869149000000,-524982000000.0,-50000000000.0,,-570797000000.0,71072000000.0,-247847000000.0,-2684085000000.0,-1449749000000,-2507310000000.0,Q,ICBP.JK,-64016000000.0,,,
1,2021-12-31,165797000,157602000,11237000,0,334636000,-180653000.0,,,-180234000.0,-1314000.0,-75000.0,-34517000.0,119645000,-33128000.0,A,INCO.JK,-240000.0,,,
1,2020-12-31,82819000,149050000,60508000,0,292377000,-152149000.0,,,-150837000.0,-1512000.0,-164000.0,-1676000.0,139647000,-33128000.0,A,INCO.JK,-217000.0,,,
1,2019-12-31,57400000,132544000,-51950000,0,137994000,-166560000.0,,,-166104000.0,-38745000.0,14354000.0,-24391000.0,-52118000,-33128000.0,A,INCO.JK,383000.0,,,
1,2018-12-31,60512000,128930000,14917000,0,204359000,-83784000.0,,,-83784000.0,-37500000.0,-2929000.0,-40429000.0,79454000,-33128000.0,A,INCO.JK,-692000.0,,,
1,2022-06-30,82807000,39854000,-8994000,0,113667000,-44769000.0,,,-44769000.0,-299000.0,-22000.0,-321000.0,67898000,,Q,INCO.JK,-679000.0,,,
1,2022-03-31,67648000,39566000,-54322000,0,52892000,-42260000.0,,,-42260000.0,-297000.0,-23000.0,-320000.0,9695000,,Q,INCO.JK,-617000.0,,,
1,2021-12-31,42860000,39725000,36823000,0,119408000,-79488000.0,,,-80304000.0,-274000.0,-75000.0,-349000.0,38738000,,Q,INCO.JK,-17000.0,,,
1,2021-09-30,64151000,40274000,-32983000,0,71442000,-29416000.0,,,-28237000.0,-346000.0,-75000.0,-346000.0,43050000,,Q,INCO.JK,191000.0,,,
1,2021-12-31,7642197000000,3870832000000,3179612000000,0,14692641000000,-4784668000000.0,-1270197000000.0,,-6489675000000.0,7979062000000.0,-1685679000000.0,3852424000000.0,12148667000000,-2440959000000.0,A,INDF.JK,93277000000.0,,,
1,2020-12-31,6455632000000,3654729000000,3745136000000,0,13855497000000,-4592304000000.0,-75129000000.0,,-37636597000000.0,30864272000000.0,-1137804000000.0,27285509000000.0,3602949000000,-2440959000000.0,A,INDF.JK,98540000000.0,,,
1,2019-12-31,4908172000000,3226240000000,5210082000000,0,13344494000000,-4650126000000.0,3761112000000.0,673529000000.0,-583826000000.0,-5790849000000.0,-367933000000.0,-7660235000000.0,4940273000000,-1501453000000.0,A,INDF.JK,-160160000000.0,,,
1,2018-12-31,4166101000000,3018888000000,-1249160000000,0,5935829000000,-7401591000000.0,-3570593000000.0,449019000000.0,-11223682000000.0,3478642000000.0,-778828000000.0,48125000000.0,-4903761000000,-2651689000000.0,A,INDF.JK,335967000000.0,,,
1,2022-06-30,542908000000,767579000000,1504957000000,0,2815444000000,-769493000000.0,2838506000000.0,,2071925000000.0,-8960433000000.0,-284171000000.0,-9244604000000.0,-3698568000000,,Q,INDF.JK,658667000000.0,,,
1,2022-03-31,2357840000000,1091501000000,-2584695000000,0,864646000000,-726049000000.0,-2539804000000.0,,-3258950000000.0,1303592000000.0,-284171000000.0,1303592000000.0,-985112000000,,Q,INDF.JK,105600000000.0,,,
1,2021-12-31,2232637000000,1079459000000,2748507000000,0,6060603000000,-949911000000.0,1027323000000.0,,112472000000.0,5887663000000.0,-403793000000.0,5483870000000.0,11676154000000,,Q,INDF.JK,19209000000.0,,,
1,2021-09-30,1976392000000,913166000000,-305260000000,0,2584298000000,-1207539000000.0,-770112000000.0,,-1960560000000.0,2227948000000.0,-819327000000.0,-1032338000000.0,-477898000000,-2440959000000.0,Q,INDF.JK,-69298000000.0,,,
1,2021-12-31,57719504,173291482,252683851,0,485083091,-73401322.0,19737487.0,17300992.0,-47809449.0,-103732623.0,-26504522.0,-130237145.0,305537061,,A,INDY.JK,-1499436.0,,,
1,2020-12-31,-117542428,198209790,39945775,0,122681563,-87326534.0,-28207157.0,4573183.0,-111981863.0,128686163.0,-24635109.0,72104366.0,82559404,-31586743.0,A,INDY.JK,-244662.0,-359945.0,,
1,2019-12-31,-18160152,247011855,-73854687,0,156092715,-162349525.0,16686108.0,-10044457.0,-169430092.0,26358138.0,-19725971.0,-32545744.0,-44413999,-39177911.0,A,INDY.JK,1469122.0,-359945.0,,
1,2018-12-31,80067586,252783452,-44420857,0,290294497,-152050926.0,-39486547.0,19317590.0,-173111817.0,-38148761.0,-26006288.0,-123471767.0,-8997650,-59316718.0,A,INDY.JK,-2708563.0,-359945.0,,
1,2022-06-30,125609430,44195846,-183894127,0,-13997858,-12339147.0,-27660195.0,15793100.0,-24257718.0,-23338964.0,-4068293.0,-27407257.0,-73408355,,Q,INDY.JK,-7745522.0,,,
1,2022-03-31,75041581,46232775,51248564,0,172671053,-9506190.0,-54419613.0,-16526847.0,-84156694.0,11574076.0,36557500.0,48131576.0,134348681,,Q,INDY.JK,-2297254.0,,,
1,2021-12-31,0,46232775,51248564,0,172671053,-9506190.0,-54419613.0,-16526847.0,-84156694.0,11574076.0,36557500.0,48131576.0,134348681,,Q,INDY.JK,-2297254.0,,,
1,2021-09-30,0,46232775,51248564,0,172671053,-9506190.0,-54419613.0,-16526847.0,-84156694.0,11574076.0,36557500.0,48131576.0,134348681,,Q,INDY.JK,-2297254.0,,,
1,2021-12-31,527079000,280141000,-128555000,0,678665000,-407909000.0,,7615000.0,-400286000.0,-73028000.0,,-91541000.0,188666000,-18513000.0,A,INKP.JK,1828000.0,,,
1,2020-12-31,294053000,282454000,-32623000,0,543884000,-162552000.0,,1847000.0,-160697000.0,-249970000.0,,-269865000.0,97026000,-19895000.0,A,INKP.JK,-16296000.0,,,
1,2019-12-31,274370000,303137000,-52801000,0,524706000,-43172000.0,,86395000.0,54729000.0,-522609000.0,,-561516000.0,17509000,-38907000.0,A,INKP.JK,-410000.0,,,
1,2018-12-31,588127000,292400000,-336000000,0,544527000,-372722000.0,-3621000.0,-379071000.0,-750682000.0,385910000.0,,347911000.0,136153000,-37999000.0,A,INKP.JK,-5603000.0,,,
1,2022-06-30,218811000,67289000,-305585000,0,-19485000,-55783000.0,,11260000.0,-39747000.0,-233514000.0,,-234823000.0,-291843000,-1309000.0,Q,INKP.JK,2212000.0,,,
1,2022-03-31,176458000,68525000,-128975000,0,116008000,-30245000.0,,-602000.0,-30847000.0,136732000.0,,136730000.0,223106000,-2000.0,Q,INKP.JK,1215000.0,,,
1,2021-12-31,136227000,69174000,-203178000,0,2223000,-123208000.0,,5362000.0,-117846000.0,202050000.0,,201832000.0,86162000,-218000.0,Q,INKP.JK,-47000.0,,,
1,2021-09-30,107952000,210967000,-83453000,0,235466000,-18742000.0,,-6243000.0,-24985000.0,-26102000.0,,-44365000.0,165619000,-18263000.0,Q,INKP.JK,-497000.0,,,
1,2021-12-31,1788496000000,1250511000000,-434806000000,0,2606707000000,-567327000000.0,,10240000000.0,-558145000000.0,-166154000000.0,-24017000000.0,-3603521000000.0,-1556364000000,-1849137000000.0,A,INTP.JK,-1405000000.0,-1564213000000.0,,
1,2020-12-31,1806337000000,1399196000000,329631000000,0,3538011000000,-678564000000.0,-21000000000.0,15737000000.0,-661734000000.0,-158609000000.0,-45193000000.0,-2862698000000.0,45881000000,-2658896000000.0,A,INTP.JK,32302000000.0,-1564213000000.0,,
1,2019-12-31,1835305000000,1215945000000,476835000000,0,3530772000000,-1027248000000.0,-21000000000.0,13690000000.0,-1045966000000.0,-1477000000.0,-865000000.0,-2026357000000.0,425874000000,-2024015000000.0,A,INTP.JK,-32575000000.0,-1564213000000.0,,
1,2018-12-31,1145937000000,1287548000000,-453022000000,0,1984532000000,-514180000000.0,7727000000.0,13690000000.0,-505092000000.0,-1431000000.0,-1158000000.0,-2578613000000.0,-1069015000000,-2576024000000.0,A,INTP.JK,30158000000.0,-1564213000000.0,,
1,2022-06-30,108993000000,297359000000,-332035000000,0,75124000000,-165409000000.0,,7250000000.0,-159070000000.0,-49324000000.0,-8682000000.0,-2366854000000.0,-2418954000000,-1739791000000.0,Q,INTP.JK,31846000000.0,-569057000000.0,,
1,2022-03-31,182555000000,283310000000,-470362000000,0,-3592000000,-244847000000.0,,7250000000.0,-242966000000.0,-49240000000.0,-6359000000.0,-336940000000.0,-578477000000,-1739791000000.0,Q,INTP.JK,5021000000.0,-281341000000.0,,
1,2021-12-31,580238000000,300043000000,435303000000,0,1316340000000,-379316000000.0,,5576000000.0,-374097000000.0,-40711000000.0,-5448000000.0,-1610372000000.0,-676627000000,-1739791000000.0,Q,INTP.JK,-8498000000.0,-1564213000000.0,,
1,2021-09-30,621681000000,312507000000,-187395000000,0,747567000000,-109567000000.0,,5576000000.0,-110440000000.0,-37617000000.0,-2594000000.0,-1880200000000.0,-1259885000000,-1839989000000.0,Q,INTP.JK,-16812000000.0,-1564213000000.0,,
1,2021-12-31,475570000,94159000,-35974000,0,617717000,-11817000.0,,-13109000.0,-24683000.0,-27729000.0,280000.0,-134189000.0,459511000,-106740000.0,A,ITMG.JK,666000.0,,,
1,2020-12-31,39469000,83128000,-67077000,0,172743000,-19126000.0,-14238000.0,-12952000.0,-44837000.0,9590000.0,280000.0,-55178000.0,72250000,-64768000.0,A,ITMG.JK,-478000.0,,,
1,2019-12-31,129426000,61295000,-251403000,0,89456000,-47509000.0,-17000000.0,-31687000.0,-95924000.0,10616000.0,280000.0,-203420000.0,-209007000,-214036000.0,A,ITMG.JK,881000.0,,,
1,2018-12-31,261951000,61326000,-7028000,0,354895000,-57085000.0,-17000000.0,-51724000.0,-108631000.0,10616000.0,280000.0,-249373000.0,-6014000,-249373000.0,A,ITMG.JK,-2905000.0,,,
1,2022-06-30,247555000,19548000,-129364000,0,148296000,-4974000.0,,-9911000.0,-14816000.0,-8917000.0,1505000.0,-242699000.0,-113116000,-238858000.0,Q,ITMG.JK,-3897000.0,,3571000.0,
1,2022-03-31,213270000,23121000,-60252000,0,187575000,-7177000.0,,-5513000.0,-12660000.0,-3661000.0,1505000.0,56243000.0,230564000,-238858000.0,Q,ITMG.JK,-594000.0,,59904000.0,
1,2021-12-31,204066000,28915000,37709000,0,288564000,-2614000.0,,-473000.0,-3053000.0,-10996000.0,279000.0,-104780000.0,181058000,-94063000.0,Q,ITMG.JK,327000.0,,59904000.0,
1,2021-09-30,153880000,21975000,-66914000,0,137533000,-4452000.0,,-6058000.0,-10345000.0,-8596000.0,1000.0,-8595000.0,119708000,-94063000.0,Q,ITMG.JK,1115000.0,,59904000.0,
1,2021-12-31,1615281000000,2020371000000,-909643000000,0,2766986000000,-110083000000.0,-410730000000.0,-1412497000000.0,-4362973000000.0,2390653000000.0,1056635000000.0,3447288000000.0,1681885000000,,A,JSMR.JK,,,,
1,2020-12-31,501047000000,1652736000000,-769900000000,0,1440732000000,-31955000000.0,-696783000000.0,-2244884000000.0,-24183096000000.0,21197404000000.0,1910919000000.0,22997967000000.0,255603000000,-110356000000.0,A,JSMR.JK,,,,
1,2019-12-31,2207117000000,1388665000000,-230356000000,0,3404523000000,-53655000000.0,-1246595000000.0,-1507526000000.0,-15914544000000.0,10296153000000.0,1017649000000.0,10983412000000.0,-1601353000000,-330390000000.0,A,JSMR.JK,,,,
1,2018-12-31,2202602000000,1064470000000,-2388063000000,0,909827000000,-219687000000.0,-356755000000.0,6739144000000.0,-7178665000000.0,5552294000000.0,1101920000000.0,6214149000000.0,-930067000000,-440065000000.0,A,JSMR.JK,,,,
1,2022-03-31,392804000000,473716000000,741655000000,0,1622722000000,-1703000000.0,-52975000000.0,613638000000.0,-493592000000.0,-2925289000000.0,-691000000.0,-2925980000000.0,-1796850000000,,Q,JSMR.JK,,,,
1,2021-12-31,865864000000,681758000000,-835184000000,0,721431000000,-83879000000.0,-46917000000.0,-60661000000.0,-496999000000.0,2127805000000.0,221840000000.0,2349645000000.0,2531637000000,,Q,JSMR.JK,,,,
1,2021-09-30,-106216000000,429163000000,-30102000000,0,301171000000,-8449000000.0,-508651000000.0,-590356000000.0,-1088916000000.0,24308000000.0,545634000000.0,569942000000.0,-217803000000,,Q,JSMR.JK,,,,
1,2021-06-30,693796000000,462160000000,-44935000000,0,1122235000000,-15994000000.0,144838000000.0,-791536000000.0,-901335000000.0,-1752193000000.0,257787000000.0,-1494406000000.0,-1400481000000,,Q,JSMR.JK,,,,
1,2021-12-31,3183621310043,664205778940,-1031484715995,0,2825946276086,-503909797771.0,-128826006632.0,108111152093.0,-1056018839164.0,-533194435028.0,1100460428421.0,-745176525687.0,1008318381424,-1312442519080.0,A,KLBF.JK,-16432529811.0,,,
1,2020-12-31,2733259864596,604075210882,851168432496,0,4221549815090,-926997442324.0,20400000000.0,81517455200.0,-951215261376.0,221051875620.0,-99991434363.0,-1099712433603.0,2215080564046,-1218709674860.0,A,KLBF.JK,51263630505.0,-2063200000.0,,
1,2019-12-31,2506764572075,470587284738,-513587260298,0,2502968822391,-1733322991769.0,-2131911910.0,104223887107.0,-1900541453691.0,415974846865.0,95863043214.0,-706915284781.0,-156324047226,-1218753174860.0,A,KLBF.JK,-51836131145.0,-2063200000.0,,
1,2018-12-31,2457129032271,435089255518,-154418075421,0,2770775949459,-1307327219368.0,4819176686.0,62032679735.0,-1289828516617.0,41835968704.0,-9615641489.0,-1139657725535.0,368241700799,-1171878052750.0,A,KLBF.JK,26951993492.0,-2063200000.0,,
1,2022-06-30,802066548341,55623345889,-545857416001,0,-2877927988,-151403246611.0,48105238657.0,21370543655.0,-122349679810.0,-143610525649.0,-50992190971.0,-2157114773327.0,-2233581193747,-1554076489707.0,Q,KLBF.JK,48761187378.0,-408435567000.0,,
1,2022-03-31,0,55623345889,-545857416001,0,-2877927988,-151403246611.0,48105238657.0,21370543655.0,-122349679810.0,-143610525649.0,-50992190971.0,-2157114773327.0,-2233581193747,-1554076489707.0,Q,KLBF.JK,48761187378.0,-408435567000.0,,
1,2021-12-31,895886901749,169479432324,-529864338732,0,521293656490,-145585973450.0,-67944201447.0,48167605790.0,-193511246376.0,-94653482343.0,343768733378.0,249115251035.0,569243797788,-1554076489707.0,Q,KLBF.JK,-7653863361.0,-408435567000.0,,
1,2021-09-30,790449452095,166360169115,545664182853,0,1509719502324,-123115980775.0,-63681805185.0,11235532754.0,-258574766366.0,-90502375884.0,-33910306570.0,-177159009867.0,1043339860006,-52746327413.0,Q,KLBF.JK,-30645866085.0,-408435567000.0,,
1,2021-12-31,-1602894000000,2329081000000,871990000000,0,1627995000000,-453485000000.0,-89322000000.0,5041000000.0,-2061077000000.0,2579942000000.0,-252629000000.0,2327313000000.0,1895030000000,,A,LPKR.JK,799000000.0,,,
1,2020-12-31,-8891100000000,1735352000000,4684665000000,0,-2373039000000,-509912000000.0,421093000000.0,200698000000.0,-420556000000.0,510564000000.0,589110000000.0,1096245000000.0,-1691665000000,,A,LPKR.JK,5685000000.0,-3429000000.0,,
1,2019-12-31,-1983299000000,903462000000,-3508717000000,0,-4538962000000,-650848000000.0,-2217506000000.0,255952000000.0,-2657028000000.0,-1778011000000.0,655709000000.0,10115476000000.0,2866699000000,,A,LPKR.JK,-52787000000.0,-3429000000.0,11237778000000.0,
1,2018-12-31,719977000000,772450000000,-4946911000000,0,-3409355000000,-930619000000.0,1601228000000.0,405782000000.0,1891769000000.0,-302512000000.0,911348000000.0,547476000000.0,-719730000000,-61360000000.0,A,LPKR.JK,5043000000.0,-3429000000.0,11237778000000.0,
1,2022-06-30,-638413000000,342853000000,-655978000000,0,-939193000000,-241727000000.0,-11863000000.0,72272000000.0,-545083000000.0,300069000000.0,-111430000000.0,188639000000.0,-1310662000000,,Q,LPKR.JK,-15025000000.0,,,
1,2022-03-31,-567552000000,339710000000,319772000000,0,105576000000,-156477000000.0,-21988000000.0,72272000000.0,-163902000000.0,-414872000000.0,-111430000000.0,-414872000000.0,-454310000000,,Q,LPKR.JK,18888000000.0,,,
1,2021-12-31,-1029597000000,-4408068000000,7972281000000,0,2564434000000,-327423000000.0,-37950000000.0,70000000.0,-4052496000000.0,1396090000000.0,-209215000000.0,1186875000000.0,-3955000000,,Q,LPKR.JK,297232000000.0,,,
1,2021-09-30,-310258000000,2398564000000,-2606510000000,0,-550954000000,93790000000.0,-36187000000.0,70000000.0,77382000000.0,-197352000000.0,-209215000000.0,-197352000000.0,-729586000000,,Q,LPKR.JK,-58662000000.0,,,
1,2021-12-31,912854000000,913017000000,582552000000,0,2408423000000,-188793000000.0,,,-186794000000.0,-1609484000000.0,-19703000000.0,-2084192000000.0,137437000000,-254891000000.0,A,LPPF.JK,,-200114000000.0,,
1,2020-12-31,-873181000000,960191000000,3040000000,0,90050000000,-111233000000.0,-549640000000.0,,-594730000000.0,298003000000.0,-105009000000.0,-143872000000.0,-648552000000,-254891000000.0,A,LPPF.JK,,-336866000000.0,,
1,2019-12-31,1366884000000,341752000000,200582000000,0,1909218000000,-457631000000.0,-549640000000.0,,-456809000000.0,298003000000.0,-48719000000.0,-1463983000000.0,-11574000000,-933600000000.0,A,LPPF.JK,,-481664000000.0,,
1,2018-12-31,1097332000000,327797000000,546337000000,0,1971466000000,-690102000000.0,-549640000000.0,,-689069000000.0,298003000000.0,-22678000000.0,-1681134000000.0,-398737000000,-1334948000000.0,A,LPPF.JK,,-323508000000.0,,
1,2022-06-30,773323000000,198168000000,-343404000000,0,628087000000,-36167000000.0,,,-35998000000.0,-186413000000.0,-124000000.0,-963200000000.0,-371111000000,-596290000000.0,Q,LPPF.JK,,-180373000000.0,,
1,2022-03-31,145047000000,195540000000,383879000000,0,724466000000,-71796000000.0,,,-71532000000.0,-159469000000.0,-2725000000.0,-807284000000.0,-154350000000,-596290000000.0,Q,LPPF.JK,,-645090000000.0,,
1,2021-12-31,474160000000,242811000000,200863000000,0,917834000000,-142246000000.0,,,-142983000000.0,-247202000000.0,73000000.0,-582010000000.0,192841000000,-254891000000.0,Q,LPPF.JK,,-79990000000.0,,
1,2021-09-30,-93788000000,234016000000,-479407000000,0,-339179000000,-10806000000.0,,,-8845000000.0,-79237000000.0,-2888000000.0,-202249000000.0,-550273000000,-254891000000.0,Q,LPPF.JK,,-120124000000.0,,
1,2021-12-31,47019404,304609719,127767561,0,479396684,-111141162.0,-6510203.0,89555590.0,82833896.0,144421056.0,-515693370.0,-377931891.0,183490753,,A,MEDC.JK,-807936.0,-6659577.0,,
1,2020-12-31,-192825309,332592651,334701654,0,474468996,-191034370.0,-11844858.0,-99368072.0,-292693627.0,-156156107.0,-307769497.0,-340751858.0,-159465542,,A,MEDC.JK,-489053.0,-6659577.0,123173746.0,
1,2019-12-31,-38765488,295818747,151226291,0,408279550,-196580406.0,194409.0,121924025.0,-252146947.0,18776814.0,-138226298.0,-120177301.0,38163783,,A,MEDC.JK,2208481.0,-4749108.0,4021291.0,
1,2018-12-31,-51302236,110446529,326918634,0,386062927,-245533012.0,194409.0,-173147431.0,-401048088.0,256825223.0,-314449134.0,-53262702.0,-70988067,,A,MEDC.JK,-2740204.0,-4749108.0,4361209.0,
1,2022-06-30,180067372,-65363726,51274920,0,165978566,-74834044.0,-5400000.0,31115098.0,-49118946.0,-62645145.0,-60719869.0,-123365014.0,-5351903,,Q,MEDC.JK,1153491.0,,,
1,2022-03-31,90039355,113311849,2876308,0,206227512,-40351077.0,19839546.0,-1932360.0,-810850676.0,273604216.0,226337237.0,499941453.0,-104435190,,Q,MEDC.JK,246521.0,,,
1,2021-12-31,-9104088,51448000,135534238,0,177878150,-71933739.0,851797.0,11219390.0,-59862552.0,345377608.0,-460798482.0,-120140381.0,-1277013,,Q,MEDC.JK,847770.0,-4719507.0,,
1,2021-09-30,9638372,86026070,35756401,0,131420843,-20004383.0,851797.0,-6017855.0,-26022238.0,-49832309.0,-3056919.0,-54829298.0,50863786,,Q,MEDC.JK,294479.0,-1940070.0,,
1,2021-12-31,2377382000000,636443000000,-353204000000,0,2660621000000,-652438000000.0,6645000000.0,120426000000.0,-609621000000.0,-1582531000000.0,,-1704919000000.0,346081000000,-120398000000.0,A,MNCN.JK,,-1990000000.0,,
1,2020-12-31,1747519000000,507143000000,-875392000000,0,1379270000000,-588636000000.0,-19475000000.0,197868000000.0,-1171682000000.0,-682452000000.0,,101738000000.0,309326000000,-120398000000.0,A,MNCN.JK,,-1990000000.0,784190000000.0,
1,2019-12-31,2233316000000,454412000000,-963863000000,0,1723865000000,-570604000000.0,-738194000000.0,24365000000.0,-1332132000000.0,-1824000000.0,,-481111000000.0,-89378000000,-214141000000.0,A,MNCN.JK,,-265146000000.0,784190000000.0,
1,2018-12-31,1531395000000,436964000000,39479000000,0,2007838000000,-648614000000.0,-844294000000.0,29277000000.0,-1625457000000.0,489016000000.0,,-131119000000.0,251262000000,-209235000000.0,A,MNCN.JK,,-410900000000.0,784190000000.0,
1,2022-06-30,583637000000,201033000000,-62702000000,0,721968000000,-206541000000.0,-72728000000.0,10629000000.0,-370886000000.0,-358247000000.0,,-358247000000.0,-7165000000,,Q,MNCN.JK,,,,
1,2022-03-31,619108000000,197971000000,-154121000000,0,662958000000,-213497000000.0,51577000000.0,14349000000.0,-191317000000.0,-349254000000.0,,-349254000000.0,122387000000,,Q,MNCN.JK,,,,
1,2021-12-31,694742000000,187342000000,-408083000000,0,474001000000,-101112000000.0,-62773000000.0,79247000000.0,-89691000000.0,-586139000000.0,,-586139000000.0,-201829000000,,Q,MNCN.JK,,,,
1,2021-09-30,490124000000,148989000000,294688000000,0,933801000000,-150274000000.0,27906000000.0,13419000000.0,-186660000000.0,-151216000000.0,,-271614000000.0,475527000000,-120398000000.0,Q,MNCN.JK,,,,
1,2021-12-31,303823865,421823142,-142941749,0,582705258,-221900984.0,83666256.0,20056389.0,-118178339.0,-110180151.0,,-133687716.0,324249175,-23507565.0,A,PGAS.JK,-6590028.0,,,
1,2020-12-31,-264773584,389863670,291784544,0,416874630,-282913481.0,243677868.0,80277281.0,41041668.0,-244934803.0,,-312509912.0,138668029,-67575109.0,A,PGAS.JK,-6738357.0,,,
1,2019-12-31,67584090,444072639,306235272,0,817892001,-240548520.0,-81430541.0,-624197866.0,-946176927.0,-59123792.0,448285.0,-156048185.0,-274857957,-97372678.0,A,PGAS.JK,9475154.0,,,
1,2018-12-31,304991574,528552176,84256696,0,918971233,-368152347.0,170172074.0,167922599.0,-724024599.0,45803848.0,-1402905.0,-10607964.0,174807079,-55008907.0,A,PGAS.JK,-9531591.0,,,
1,2022-06-30,120014369,127276043,-61257578,0,186032834,-25105304.0,66400000.0,1658061.0,42952757.0,-223444264.0,,-227415059.0,-15754582,-232385851.0,Q,PGAS.JK,-17325114.0,,228415056.0,
1,2022-03-31,118546111,127276043,70912072,0,189458183,-37553529.0,2870886.0,1658061.0,-34682643.0,-67265233.0,,-295680289.0,-142764038,-232385851.0,Q,PGAS.JK,-1859289.0,-228415056.0,228415056.0,
1,2021-12-31,17611934,126385923,-27547930,0,116449927,-7532819.0,-72233233.0,20056389.0,-59709663.0,21385111.0,,9631329.0,69843818,-11753782.0,Q,PGAS.JK,3472223.0,-228415056.0,228415056.0,
1,2021-09-30,89704481,98851982,2533656,0,191090119,-128803313.0,69450798.0,-10418878.0,-69771393.0,-28512739.0,,-40266522.0,85467375,-11753783.0,Q,PGAS.JK,4415173.0,-228415056.0,228415056.0,
1,2021-12-31,7909113000000,1129100000000,1756862000000,0,10795075000000,-954631000000.0,-8834532000000.0,-55265000000.0,-9838749000000.0,-650172000000.0,-109508000000.0,-911583000000.0,53248000000,-835388000000.0,A,PTBA.JK,8505000000.0,,683485000000.0,
1,2020-12-31,2386819000000,966333000000,160476000000,0,3513628000000,-715058000000.0,840557000000.0,-11914000000.0,113585000000.0,-409570000000.0,-9867000000.0,-4083158000000.0,-415854000000,-3651200000000.0,A,PTBA.JK,40091000000.0,-12521000000.0,683485000000.0,
1,2019-12-31,4056888000000,704730000000,-465139000000,0,4296479000000,-1245869000000.0,-2574603000000.0,35694000000.0,-3784778000000.0,-342983000000.0,-73482000000.0,-2033191000000.0,-1544362000000,-3767959000000.0,A,PTBA.JK,-22872000000.0,-12521000000.0,2151233000000.0,
1,2018-12-31,5023946000000,676335000000,2167505000000,0,7867786000000,-839371000000.0,-740502000000.0,3092000000.0,-1576781000000.0,-193272000000.0,-34529000000.0,-3585132000000.0,2745757000000,-3357331000000.0,A,PTBA.JK,39884000000.0,-12521000000.0,2151233000000.0,
1,2022-06-30,3881336000000,369422000000,-281546000000,0,3969212000000,-79377000000.0,2313401000000.0,-5422000000.0,2228602000000.0,-203287000000.0,-62530000000.0,-8174935000000.0,-1940627000000,-7909118000000.0,Q,PTBA.JK,36495000000.0,,,
1,2022-03-31,2275393000000,350172000000,-424522000000,0,2201043000000,-209741000000.0,-199805000000.0,-6857000000.0,-416403000000.0,-73449000000.0,-62530000000.0,-73449000000.0,1711528000000,-7909118000000.0,Q,PTBA.JK,336000000.0,,,
1,2021-12-31,3141104000000,245740000000,1265285000000,0,4652129000000,-255593000000.0,-4521494000000.0,-2700000000.0,-4774108000000.0,-220971000000.0,-90253000000.0,-311226000000.0,-424402000000,-2000000.0,Q,PTBA.JK,8803000000.0,,,
1,2021-09-30,2989328000000,316584000000,353058000000,0,3658970000000,-127717000000.0,-1782156000000.0,-250000000.0,-1910123000000.0,-71713000000.0,-90253000000.0,611772000000.0,2343298000000,-2000000.0,Q,PTBA.JK,-17321000000.0,,683485000000.0,
1,2021-12-31,265976722562,593704900771,-390983320894,0,468698302439,-423950467466.0,19997688599.0,-230928056310.0,-2078367518853.0,827439558617.0,8282574481.0,835722133098.0,-772172197885,,A,PTPP.JK,1774885431.0,,,
1,2020-12-31,164053051741,536797080242,-969839811112,0,-268989679129,-461716387607.0,-428267535216.0,60194686674.0,-3383524906914.0,2286506635193.0,12263437012.0,2067003665255.0,-1577058483047,-209323431249.0,A,PTPP.JK,8452437741.0,-22442975701.0,,
1,2019-12-31,819463019436,600559345272,-1113737631961,0,306284732747,-1027251856686.0,-745937810748.0,170463362718.0,-3025576173698.0,3491001815606.0,-16226268039.0,3174378126717.0,442242260283,-300397420850.0,A,PTPP.JK,-12844425483.0,-22442975701.0,,
1,2018-12-31,1501973077232,523507773956,-1309352848543,0,716128002645,-918212645895.0,-1108256402754.0,251481727867.0,-3705687063463.0,2494125475173.0,5743395902.0,2209239320761.0,-736067389310,-290629550314.0,A,PTPP.JK,44252350747.0,-22442975701.0,,
1,2022-06-30,58787811704,167416842586,-1491026371387,0,-1264821717097,-51215820302.0,-198029295678.0,93831787362.0,-534620641220.0,2262559247753.0,26416981667.0,2288976229420.0,482671353554,,Q,PTPP.JK,-6862517547.0,,,
1,2022-03-31,28175810014,157821433771,-889685406934,0,-703688163149,-91171348884.0,189369155594.0,-132805095048.0,-411724401710.0,-641574236112.0,62576792573.0,-578997443539.0,-1696255552645,,Q,PTPP.JK,-1845544248.0,,,
1,2021-12-31,136560405893,143963103860,1206074980897,0,1486598490650,-11611727670.0,148028539006.0,105332633262.0,-626655933719.0,569710586918.0,-5830463565.0,563880123353.0,1426158226227,,Q,PTPP.JK,2335545943.0,,,
1,2021-09-30,43375937190,138824772444,-52883866712,0,129316842922,-197493379596.0,-89169836331.0,-117517645088.0,-861870506214.0,562806187475.0,16219097529.0,579025285004.0,-159827497139,,Q,PTPP.JK,-6299118851.0,,,
1,2021-12-31,1347464222000,248122068000,-270785747000,0,1324800543000,-234423584000.0,-14893017000.0,1628742000.0,-255730201000.0,-715097734000.0,2212240857000.0,1450004491000.0,2554300310000,,A,SCMA.JK,12739525000.0,-47138632000.0,,
1,2020-12-31,1148342286000,241002848000,455208619000,0,1844553753000,-189177930000.0,-5732465000.0,1628742000.0,-228209548000.0,1300809857000.0,-991524000.0,-1491737915000.0,133336854000,,A,SCMA.JK,2757534000.0,-2791556248000.0,,
1,2019-12-31,1070166566000,176627584000,-53708228000,0,1193085922000,-595037183000.0,-164740964000.0,52583554000.0,-1102474720000.0,-5461630000.0,-1777328000.0,-541315280000.0,-448963162000,-820266658000.0,A,SCMA.JK,1740916000.0,-73809662000.0,359999998000.0,
1,2018-12-31,1484762240000,164582275000,22381099000,0,1671725614000,-293706124000.0,-7838357000.0,52583554000.0,-132706683000.0,-50056820000.0,-633760000.0,-854865787000.0,748749335000,-804175207000.0,A,SCMA.JK,-1691936000.0,-73809662000.0,359999998000.0,
1,2022-06-30,331596351000,52540162000,-491135835000,0,-106999322000,-65679352000.0,-754044591000.0,,-818520545000.0,-558861000.0,656192952000.0,655634091000.0,-253141399000,,Q,SCMA.JK,16744377000.0,,,
1,2022-03-31,284843148000,50737610000,-661238412000,0,-325657654000,-84488806000.0,-225884105000.0,1016172000.0,-309377215000.0,-62066556000.0,-777300000.0,-62843856000.0,-690342173000,,Q,SCMA.JK,7536552000.0,,,
1,2021-12-31,283499093000,111102186000,-151685725000,0,242915554000,-90939676000.0,-69751479000.0,1238742000.0,-167900521000.0,199785246000.0,2214376871000.0,2382626516000.0,2466972620000,,Q,SCMA.JK,14581946000.0,-31535601000.0,,
1,2021-09-30,336580750000,47330780000,64653052000,0,448564582000,-51685515000.0,2479721000.0,1238742000.0,-49724361000.0,-364082633000.0,-9100000.0,-370526520000.0,27780152000,,Q,SCMA.JK,-533549000.0,-6434787000.0,,
1,2021-12-31,2021190000000,3249572000000,1416751000000,0,6688789000000,-1711922000000.0,-253985000000.0,-4010000000.0,-1789177000000.0,-7333035000000.0,3089306000000.0,-5360657000000.0,-460309000000,-1116928000000.0,A,SMGR.JK,736000000.0,,,
1,2020-12-31,2792321000000,3417272000000,1005316000000,0,7221931000000,-1279575000000.0,-1036247000000.0,-3208000000.0,-2251194000000.0,-5749398000000.0,-15257000000.0,-6003870000000.0,-1019850000000,-239215000000.0,A,SMGR.JK,13283000000.0,,,
1,2019-12-31,2392151000000,2508079000000,702326000000,0,5608931000000,-1639080000000.0,-59394000000.0,-4755000000.0,-17160548000000.0,11789800000000.0,-273302000000.0,10284852000000.0,-1295283000000,-1231646000000.0,A,SMGR.JK,-28518000000.0,,,
1,2018-12-31,3079115000000,1695339000000,-315841000000,0,4459340000000,-1790173000000.0,-59394000000.0,-2599000000.0,-1789031000000.0,-235228000000.0,-21432000000.0,-1062338000000.0,1607971000000,-805678000000.0,A,SMGR.JK,-28518000000.0,,,
1,2022-03-31,498566000000,781963000000,-789775000000,0,495629000000,-281967000000.0,26000000000.0,-6503000000.0,-260783000000.0,-162380000000.0,,-162380000000.0,74510000000,,Q,SMGR.JK,2044000000.0,,,
1,2021-12-31,633483000000,856727000000,950858000000,0,2441346000000,-687151000000.0,-1297565000000.0,-4010000000.0,-1818908000000.0,-1677013000000.0,-13114000000.0,-1690127000000.0,-1068871000000,,Q,SMGR.JK,-1182000000.0,,,
1,2021-09-30,593585000000,851629000000,437991000000,0,1883500000000,-430959000000.0,2044000000.0,1113000000.0,-426396000000.0,-3528677000000.0,3121698000000.0,-406979000000.0,1038746000000,,Q,SMGR.JK,-11379000000.0,,,
1,2021-06-30,343759000000,740805000000,-466047000000,0,618247000000,-294873000000.0,1049999000000.0,-149000000.0,756941000000.0,-1540950000000.0,-19278000000.0,-2677156000000.0,-1304243000000,-1116928000000.0,Q,SMGR.JK,-2275000000.0,,,
1,2021-12-31,-1081338372,80757571,554385429,0,-446195372,,,,4525270.0,338266868.0,,338266868.0,-108066395,,A,SRIL.JK,-4663161.0,,,
1,2020-12-31,85325108,69636599,-285037217,0,-130075510,-74378686.0,,,-70398520.0,148688954.0,,147217680.0,-51552988,-1471274.0,A,SRIL.JK,1703362.0,,,
1,2019-12-31,87652548,41698312,-128040492,0,1310368,-50244684.0,,,-50240825.0,93379322.0,,89142285.0,40285647,-4237037.0,A,SRIL.JK,73819.0,,,
1,2018-12-31,84556033,51963115,-72010418,0,64508730,-37178924.0,,5000000.0,-115439555.0,64382744.0,-562214.0,51743661.0,841236,-12076869.0,A,SRIL.JK,28400.0,,,
1,2022-06-30,-21232025,19944723,2459383,0,1172081,-5974781.0,,,-5974781.0,,,,-4586863,,Q,SRIL.JK,215837.0,,,
1,2022-03-31,-38978929,20189393,20385505,0,1595969,-5974781.0,,,-5974781.0,,,,1836260,,Q,SRIL.JK,240291.0,,,
1,2021-12-31,-156831503,31443410,132284964,0,6896871,-5974781.0,,,-1050940.0,168925.0,,168925.0,-822733,,Q,SRIL.JK,-6837589.0,,,
1,2021-09-30,-38381955,14571902,24444188,0,634135,-5974781.0,,,-1050940.0,168925.0,,168925.0,675622,,Q,SRIL.JK,41487.0,,,
1,2021-12-31,1515514388000,309342886000,-710300402000,0,1114556872000,-258933798000.0,,-528873630000.0,-794614087000.0,-137154358000.0,31450000000.0,-396131828000.0,-74534298000,-290427470000.0,A,SSMS.JK,1654747000.0,,,
1,2020-12-31,576634024000,321672915000,-312293759000,0,586013180000,-214484298000.0,,-560737912000.0,-778678902000.0,-125480593000.0,17537784000.0,-107942809000.0,-294616590000,-290427470000.0,A,SSMS.JK,5991941000.0,,,
1,2019-12-31,11680187000,296516303000,-297456639000,0,10739851000,-462355654000.0,13992425000.0,-203155968000.0,-652333697000.0,612610147000.0,-116684195000.0,470064917000.0,-102177969000,-25861035000.0,A,SSMS.JK,69350960000.0,,,
1,2018-12-31,86203451000,263019583000,-27510425000,0,321712609000,-307964730000.0,-20000000000.0,-623859941000.0,-951824671000.0,926389956000.0,40941615000.0,731205397000.0,103879570000,-236126174000.0,A,SSMS.JK,2786235000.0,,,
1,2022-06-30,26034098000,78558353000,-29113575000,0,75478876000,-91593773000.0,,-1000001000.0,-86267959000.0,-48797943000.0,-47735584000.0,-859970563000.0,-840474788000,-763437036000.0,Q,SSMS.JK,30284858000.0,,,
1,2022-03-31,989659554000,77672485000,-647234574000,0,420097465000,-91183889000.0,,-49380941000.0,-147371489000.0,-81844398000.0,-47735584000.0,-81844398000.0,192536324000,-763437036000.0,Q,SSMS.JK,1654746000.0,,,
1,2021-12-31,487586560000,75500458000,-180927904000,0,382159114000,-91381326000.0,,-179506658000.0,-270693952000.0,-13975241000.0,41950000000.0,27974759000.0,113745981000,-763437036000.0,Q,SSMS.JK,-25693938000.0,,,
1,2021-09-30,331598491000,75222547000,-208397346000,0,198423692000,-56132496000.0,,-146964181000.0,-204626256000.0,-47603277000.0,5699999000.0,-41903278000.0,-22411903000,-763437036000.0,Q,SSMS.JK,25693939000.0,,,
1,2021-12-31,24760000000000,29711000000000,12054000000000,0,68353000000000,-29712000000000.0,-5593000000000.0,-309000000000.0,-37703000000000.0,-1564000000000.0,5221000000000.0,-12986000000000.0,17722000000000,-12482000000000.0,A,TLKM.JK,58000000000.0,,,
1,2020-12-31,20804000000000,27243000000000,15725000000000,0,65317000000000,-29560000000000.0,-3633000000000.0,239000000000.0,-35256000000000.0,-4713000000000.0,-7778000000000.0,-27753000000000.0,2347000000000,-11197000000000.0,A,TLKM.JK,39000000000.0,,,
1,2019-12-31,18663000000000,22013000000000,13108000000000,0,54949000000000,-35131000000000.0,415000000000.0,208000000000.0,-35791000000000.0,7541000000000.0,-9559000000000.0,-18247000000000.0,803000000000,-10819460000000.0,A,TLKM.JK,-108000000000.0,,,
1,2018-12-31,18032000000000,20180000000000,6233000000000,0,45671000000000,-31562000000000.0,-157000000000.0,-608000000000.0,-35090000000000.0,8251000000000.0,-10100000000000.0,-18458000000000.0,-7706000000000,-13287246000000.0,A,TLKM.JK,171000000000.0,,,
1,2022-06-30,7192000000000,8497000000000,125000000000,0,16327000000000,-8718000000000.0,192000000000.0,195000000000.0,-8610000000000.0,13049000000000.0,-7534000000000.0,-9341000000000.0,-1469000000000,-14856000000000.0,Q,TLKM.JK,155000000000.0,,,
1,2022-03-31,6118000000000,7479000000000,4523000000000,0,18617000000000,-7660000000000.0,-1202000000000.0,603000000000.0,-8959000000000.0,-6411000000000.0,45000000000.0,-6366000000000.0,3318000000000,-14856000000000.0,Q,TLKM.JK,26000000000.0,,,
1,2021-12-31,5888000000000,8794000000000,2137000000000,0,17381000000000,-9540000000000.0,-495000000000.0,-280000000000.0,-10911000000000.0,-2001000000000.0,16357000000000.0,14356000000000.0,20820000000000,-14856000000000.0,Q,TLKM.JK,-6000000000.0,,,
1,2021-09-30,6421000000000,7028000000000,3981000000000,0,17887000000000,-6590000000000.0,-461000000000.0,-5000000000.0,-7736000000000.0,-12592000000000.0,6000000000.0,-29229000000000.0,-19122000000000,-12482000000000.0,Q,TLKM.JK,-44000000000.0,,,
1,2021-12-31,152121000,99254000,-29521000,0,221854000,-80913000.0,-623104000.0,8183000.0,-695834000.0,228119000.0,-58830000.0,1134191000.0,660211000,-103514000.0,A,TPIA.JK,,,1068416000.0,
1,2020-12-31,51352000,101599000,235461000,0,388412000,-113865000.0,-5232000.0,6576000.0,-111604000.0,35172000.0,-53221000.0,-18049000.0,258759000,-103514000.0,A,TPIA.JK,,,1068416000.0,
1,2019-12-31,22882000,87617000,127634000,0,238133000,-385246000.0,-39740000.0,12835000.0,-411870000.0,173395000.0,-33929000.0,107181000.0,-66556000,-32285000.0,A,TPIA.JK,,,1068416000.0,
1,2018-12-31,181651000,81884000,139980000,0,403515000,-354029000.0,-25442000.0,9913000.0,-369551000.0,-22703000.0,-46159000.0,-149786000.0,-115822000,-80924000.0,A,TPIA.JK,,,1068416000.0,
1,2022-03-31,-11235000,25123000,-576459000,0,-562571000,-35107000.0,-125222000.0,4997000.0,-155332000.0,436963000.0,-15850000.0,421113000.0,-296790000,,Q,TPIA.JK,,,,
1,2021-12-31,-13282000,20475000,284571000,0,291764000,-37761000.0,-502118000.0,4358000.0,-535521000.0,151886000.0,-16106000.0,135779000.0,-107978000,,Q,TPIA.JK,,-1000.0,,
1,2021-09-30,1022000,26573000,33298000,0,60893000,-31405000.0,-112890000.0,1469000.0,-142826000.0,16524000.0,-12651000.0,1007004000.0,925071000,-65286000.0,Q,TPIA.JK,,-1000.0,1068417000.0,
1,2021-06-30,79999000,26310000,-117983000,0,-11674000,-7292000.0,-920000.0,816000.0,-7396000.0,68474000.0,-16129000.0,13832000.0,-5238000,-38513000.0,Q,TPIA.JK,,-1000.0,1068417000.0,
1,2021-12-31,10279683000000,8853341000000,4151830000000,0,23284854000000,-3047601000000.0,-114595000000.0,-276894000000.0,-3158997000000.0,-4147224000000.0,-259464000000.0,-7419838000000.0,12823167000000,-3013150000000.0,A,UNTR.JK,117148000000.0,,,
1,2020-12-31,6003200000000,10004552000000,2549336000000,0,18557088000000,-2878284000000.0,-500000000.0,-55621000000.0,-2594328000000.0,-4505899000000.0,311135000000.0,-7834254000000.0,8407913000000,-3639490000000.0,A,UNTR.JK,279407000000.0,,,
1,2019-12-31,11312071000000,8568354000000,-10444440000000,0,9435985000000,-9221304000000.0,-267298000000.0,-495305000000.0,-9757541000000.0,3859388000000.0,-81014000000.0,-830690000000.0,-1347514000000,-4609064000000.0,A,UNTR.JK,-195268000000.0,,,
1,2018-12-31,11125626000000,5228067000000,2856060000000,0,19209753000000,-10328426000000.0,-254573000000.0,-538648000000.0,-27980823000000.0,4955786000000.0,-195434000000.0,1120862000000.0,-7393314000000,-3639490000000.0,A,UNTR.JK,256894000000.0,,,
1,2022-06-30,6035796000000,1992591000000,1732814000000,0,9761201000000,-1866754000000.0,-700000000.0,-16983000000.0,-1695810000000.0,-1381657000000.0,-256249000000.0,-5012537000000.0,3410698000000,-3374631000000.0,Q,UNTR.JK,357844000000.0,,,
1,2022-03-31,4320807000000,1992591000000,1732814000000,0,9761201000000,-1866754000000.0,-700000000.0,-16983000000.0,-1695810000000.0,-1381657000000.0,-256249000000.0,-5012537000000.0,3410698000000,-3374631000000.0,Q,UNTR.JK,357844000000.0,,,
1,2021-12-31,2462448000000,2101236000000,961560000000,0,5525244000000,-987138000000.0,-114175000000.0,8326000000.0,-1050006000000.0,-1437677000000.0,-169393000000.0,-2856240000000.0,1693824000000,-1249170000000.0,Q,UNTR.JK,74826000000.0,,,
1,2021-09-30,3301529000000,2252967000000,818982000000,0,6373478000000,-784410000000.0,-114175000000.0,-137305000000.0,-856936000000.0,-991077000000.0,-20049000000.0,-1011126000000.0,4396768000000,-1249170000000.0,Q,UNTR.JK,-108648000000.0,,,
1,2021-12-31,5758148000000,1041927000000,1067035000000,0,7902091000000,-585163000000.0,,,-681255000000.0,-1397418000000.0,,-7739754000000.0,-518879000000,-6342336000000.0,A,UNVR.JK,39000000.0,,,
1,2020-12-31,7163536000000,1066753000000,97021000000,0,8363993000000,-649743000000.0,,,-690216000000.0,-87440000000.0,,-7458509000000.0,215427000000,-7371069000000.0,A,UNVR.JK,159000000.0,,,
1,2019-12-31,7392837000000,1097858000000,146887000000,0,8669069000000,-1448845000000.0,,,-1446367000000.0,2239227000000.0,,-6937190000000.0,276982000000,-9176417000000.0,A,UNVR.JK,-8530000000.0,,,
1,2018-12-31,9081187000000,1026655000000,-1969376000000,0,8161127000000,-998329000000.0,,,1942485000000.0,-3236590000000.0,,-10162791000000.0,-53117000000,-6926201000000.0,A,UNVR.JK,6062000000.0,,,
1,2022-06-30,1408728000000,258407000000,1277580000000,0,2956000000000,-99944000000.0,,,48991000000.0,-662992000000.0,,-662992000000.0,2342030000000,,Q,UNVR.JK,31000000.0,,,
1,2022-03-31,2021207000000,252664000000,-511980000000,0,1773175000000,-64228000000.0,,,-63627000000.0,-1482030000000.0,,-1482030000000.0,227540000000,,Q,UNVR.JK,22000000.0,,,
1,2021-12-31,1379354000000,268174000000,1006566000000,0,2665378000000,-271606000000.0,,,-266133000000.0,-101087000000.0,,-2615965000000.0,-216688000000,-2514878000000.0,Q,UNVR.JK,32000000.0,,,
1,2021-09-30,1332902000000,268881000000,521764000000,0,2134832000000,-111160000000.0,,,-111660000000.0,-2006314000000.0,,-2007466000000.0,15529000000,-1152000000.0,Q,UNVR.JK,-177000000.0,,,
1,2021-12-31,117666931000,436617356000,-4294328481000,0,-3740044194000,-752489188000.0,-597707074000.0,48548865000.0,-3711047918000.0,1361939145000.0,-1223000875000.0,-524061730000.0,-7967891516000,-63000000000.0,A,WIKA.JK,7262326000.0,-600000000000.0,,
1,2020-12-31,185766178000,579584006000,-451159119000,0,314191065000,-800718460000.0,-735958845000.0,-704224996000.0,-5232492679000.0,11163782758000.0,-1164909249000.0,9477948129000.0,4605026733000,-520007822000.0,A,WIKA.JK,40948505000.0,-917558000.0,,
1,2019-12-31,2285022038000,520154116000,-2539429877000,0,265746277000,-1058278555000.0,-653793941000.0,-721354054000.0,-4043689722000.0,1473836876000.0,-908198137000.0,167444735000.0,-3627032139000,-409051732000.0,A,WIKA.JK,-16533429000.0,-917558000.0,10857728000.0,
1,2018-12-31,1730256243000,291708824000,1913660544000,0,3935625611000,-1247565871000.0,-496861989000.0,-2588941037000.0,-6068317949000.0,4517216505000.0,-62734241000.0,4814068509000.0,2719988262000,-240413755000.0,A,WIKA.JK,38612091000.0,-917558000.0,600000000000.0,
1,2022-06-30,-14652587000,143720499000,-2367326989000,0,-2238288665000,-68465999000.0,-655500960000.0,-223203466000.0,-1427776543000.0,2891576424000.0,-282505618000.0,2609070806000.0,-1054575851000,,Q,WIKA.JK,2418551000.0,,,
1,2022-03-31,1328909000,153938940000,-2202681374000,0,-2047383937000,-67703222000.0,-1074110745000.0,-79921172000.0,-1518346074000.0,1211710778000.0,-288840743000.0,922870035000.0,-2644046869000,,Q,WIKA.JK,-1186893000.0,,,
1,2021-12-31,12723411000,116449433000,3427372290000,0,3556545134000,-216194675000.0,-182373589000.0,827991211000.0,-93663949000.0,-1424497551000.0,-440011017000.0,-2480258568000.0,954723803000,-15750000000.0,Q,WIKA.JK,-13774483000.0,-600000000000.0,,
1,2021-09-30,21525981000,82484001000,-801099049000,0,-697089067000,-217920544000.0,-943343396000.0,-861923561000.0,-3208788260000.0,2591236757000.0,-178822222000.0,2365164535000.0,-1537615908000,-47250000000.0,Q,WIKA.JK,-11027448000.0,-600000000000.0,,
1,2021-12-31,-1943362438396,467484226008,1457316421668,0,-18561790720,-387000000.0,,,-387000000.0,-131586157889.0,,-131586157889.0,-150534948609,,A,WSBP.JK,,,,
1,2020-12-31,-4287311376095,710582864700,4138205277894,0,561476766499,-162359229167.0,,,-162359229167.0,-422731949888.0,,-624252454997.0,-225134917665,-201520505109.0,A,WSBP.JK,,,,
1,2019-12-31,806148752926,313506998613,-1093390297043,0,26265454496,-925757937201.0,,,-925757937201.0,632017014634.0,-10787757186.0,69622035433.0,-829870447272,-551607222015.0,A,WSBP.JK,,,,
1,2018-12-31,1103472788182,388544141320,326086402084,0,1818103331586,-1272087863733.0,,,-1272087863733.0,475090780433.0,-10787757186.0,-275156832449.0,270858635404,-750247612882.0,A,WSBP.JK,,,,
1,2022-06-30,1704552593167,73926768875,-1718430361259,0,60049000783,,,,,-2020454846.0,,-2020454846.0,58155038770,,Q,WSBP.JK,126492833.0,,,
1,2022-03-31,-276819759925,70675198062,228572677909,0,22428116046,,,,,-2020454846.0,,-2020454846.0,22428116046,,Q,WSBP.JK,126492833.0,,,
1,2021-12-31,-1664313131969,177774544322,1853997467036,0,367458879389,90193614467.0,,,90193614467.0,-411552039253.0,,-411552039253.0,46100454603,,Q,WSBP.JK,126492833.0,,,
1,2021-09-30,-102039032151,71663094247,-241857903140,0,-272233841044,-87508859187.0,,,-87508859187.0,333308230014.0,,333308230014.0,-26434470217,,Q,WSBP.JK,126492833.0,,,
1,2021-12-31,-1096212049912,887205982247,401790304302,0,192784236637,-244769025510.0,-6504934520544.0,152273195203.0,-1542249686633.0,5464401139776.0,-30188205099.0,13334212929177.0,11952323879008,,A,WSKT.JK,-8637325860.0,,7899999994500.0,
1,2020-12-31,-7359679861100,1019735138664,6751006367138,0,411061644702,-905056615353.0,3918463184879.0,1324275009702.0,-1056077476416.0,-6019293579460.0,-1340869959051.0,-7407071040982.0,-8044872656527,-46907502471.0,A,WSKT.JK,17241152852.0,,7899999994500.0,
1,2019-12-31,938142364887,717909241157,7358197834018,0,9014249440062,-2742933949138.0,-1659684950790.0,-32298146709.0,-14924743305937.0,7782081216482.0,-2456427184926.0,4334944286473.0,-1587368188809,-990709745083.0,A,WSKT.JK,-11818609407.0,,7899999994500.0,
1,2018-12-31,3962838031865,647085215580,-598383168871,0,4011540078574,-2962349807081.0,-4119777610204.0,698558079882.0,-18768151650463.0,19973053792889.0,494371440036.0,19691082849457.0,4756715630454,-776342383468.0,A,WSKT.JK,11113410916.0,,7899999994500.0,
1,2022-06-30,594121512951,50488974464,77253708638,0,721864196053,-42976491870.0,88383765274.0,-2650672331882.0,-1985319667894.0,2928738203174.0,-929213539440.0,1999524663734.0,718239577381,,Q,WSKT.JK,-323036002.0,,,
1,2022-03-31,-830639170283,180743112206,505216051257,0,-144680006820,-116308905068.0,-82629947205.0,-599793479217.0,-1213288417904.0,-2923822347624.0,-42879679125.0,-1422331291329.0,-2781256950232,,Q,WSKT.JK,-957234179.0,,1544370735420.0,
1,2021-12-31,-1348926077734,232491381491,1782168695760,0,665733999517,-142231474699.0,-6408402671035.0,152273195203.0,-2838915165020.0,4561326137454.0,828334379160.0,13289660511114.0,11090880521079,,Q,WSKT.JK,-1812550219.0,,7899999994500.0,
1,2021-09-30,98582308497,207344033690,-1454688788418,0,-1148762446231,-52461270131.0,526918679834.0,-186607821460.0,-422172093800.0,1000123068751.0,-989807872648.0,10315196103.0,-1564050341144,,Q,WSKT.JK,-3430997216.0,,7899999994500.0,
